email,recency_days,frequency,monetary_value,customer_segment
indahnugroho575@gmail.com,27,5,3346634,🛒 Regulars
tikawijaya678@gmail.com,1,3,1012448,🛒 Regulars
bambangiskandar768@gmail.com,103,6,3710740,⚠️ At Risk (VIPs)
soniaaprilia82@gmail.com,0,4,768970,🛒 Regulars
diahpratama531@yahoo.com,323,5,3662668,⚠️ At Risk (VIPs)
riohasanah750@gmail.com,36,6,2231816,🛒 Regulars
shintasantoso338@yahoo.com,313,4,1377911,💤 Lost / Inactive
selviutami299@gmail.com,103,4,2271121,🛒 Regulars
vivipratama492@outlook.com,156,4,3495000,💤 Lost / Inactive
tikatanjung965@gmail.com,421,2,1274967,💤 Lost / Inactive
megasiregar836@gmail.com,358,3,1148224,💤 Lost / Inactive
ferdihakim36@gmail.com,241,5,3539483,⚠️ At Risk (VIPs)
gitakurniawan243@outlook.com,63,5,3252605,⚠️ At Risk (VIPs)
ratnasaputri226@gmail.com,292,7,2875374,⚠️ At Risk (VIPs)
kiranasimbolon848@gmail.com,63,6,1151622,⚠️ At Risk (VIPs)
ranihasanah611@gmail.com,252,6,4152841,⚠️ At Risk (VIPs)
rinalestari281@outlook.com,338,4,1360238,💤 Lost / Inactive
tikasari406@gmail.com,105,5,2350693,⚠️ At Risk (VIPs)
rendisinaga230@gmail.com,93,4,1244024,🛒 Regulars
wulankurniawan450@yahoo.com,114,5,844000,⚠️ At Risk (VIPs)
ranicahyani729@yahoo.com,692,2,850254,💤 Lost / Inactive
auliacahyani388@yahoo.com,670,2,1762544,💤 Lost / Inactive
hadimaharani904@outlook.com,166,3,1737643,💤 Lost / Inactive
putrasaputri440@outlook.com,123,6,4164729,⚠️ At Risk (VIPs)
taniaiskandar792@gmail.com,459,3,1851000,💤 Lost / Inactive
fajarsaputri657@yahoo.com,137,2,776000,💤 Lost / Inactive
dimasyulianti639@gmail.com,46,3,1137370,🛒 Regulars
wulansiregar976@outlook.com,21,4,1431354,🛒 Regulars
shintasusanti856@gmail.com,569,1,133599,💤 Lost / Inactive
ekofauzi217@gmail.com,10,4,2102000,🛒 Regulars
ekosaputra985@gmail.com,154,8,5907000,⚠️ At Risk (VIPs)
karinaanggraini481@gmail.com,173,5,3084033,⚠️ At Risk (VIPs)
ferdiputri279@gmail.com,123,6,1932925,⚠️ At Risk (VIPs)
rinahalim579@gmail.com,330,3,1549005,💤 Lost / Inactive
faisalsimbolon339@gmail.com,164,5,2089551,⚠️ At Risk (VIPs)
anggisusanti56@gmail.com,227,2,1240837,💤 Lost / Inactive
sarisari975@gmail.com,3,5,2183938,🛒 Regulars
kiranautami29@outlook.com,36,8,3785375,🛒 Regulars
iqbalutami726@gmail.com,918,3,1135000,💤 Lost / Inactive
nadiaaprilia916@yahoo.com,202,3,1719549,💤 Lost / Inactive
gitamaharani144@gmail.com,47,5,2357760,🛒 Regulars
wulanfauzi653@gmail.com,391,4,1691956,💤 Lost / Inactive
bagussembiring720@gmail.com,248,7,4574093,⚠️ At Risk (VIPs)
rizkyhartono743@gmail.com,514,2,1291772,💤 Lost / Inactive
selvipohan116@gmail.com,20,4,1145727,🛒 Regulars
dewiwardani903@outlook.com,45,5,1828777,🛒 Regulars
cintanugroho227@outlook.com,550,2,513281,💤 Lost / Inactive
suryayulianti110@outlook.com,16,4,1641000,🛒 Regulars
mawarsusanti487@yahoo.com,13,6,2689541,🛒 Regulars
citramaharani565@gmail.com,110,2,783169,🛒 Regulars
oliviasinaga984@yahoo.com,166,5,3969147,⚠️ At Risk (VIPs)
danianggraini46@gmail.com,29,4,3220880,🛒 Regulars
indrasembiring321@gmail.com,404,2,639522,💤 Lost / Inactive
fitrihasanah704@yahoo.com,103,4,2541455,🛒 Regulars
ranisimbolon977@gmail.com,147,4,2165625,💤 Lost / Inactive
niautami932@yahoo.com,132,5,2412714,⚠️ At Risk (VIPs)
hasnasinaga823@gmail.com,345,2,1364000,💤 Lost / Inactive
maulanahasanah141@yahoo.com,260,5,3103730,⚠️ At Risk (VIPs)
maulanahidayat651@gmail.com,1,5,1769644,🛒 Regulars
ekowijaya105@gmail.com,28,5,3289988,🛒 Regulars
adihalim184@gmail.com,49,3,2147454,🛒 Regulars
fitrisari527@gmail.com,25,4,2320000,🛒 Regulars
rakatanjung431@gmail.com,201,3,1222324,💤 Lost / Inactive
cintawardani913@gmail.com,111,4,2173929,🛒 Regulars
indahmaharani432@outlook.com,14,4,2471550,🛒 Regulars
selvisaputra713@gmail.com,252,4,2875790,💤 Lost / Inactive
mirasaputra670@gmail.com,319,3,3448873,💤 Lost / Inactive
srisiregar997@outlook.com,262,3,1848999,💤 Lost / Inactive
dimasaprilia991@outlook.com,30,4,2843148,🛒 Regulars
jokosaputra637@gmail.com,393,2,426784,💤 Lost / Inactive
maulanatarigan441@yahoo.com,796,1,149000,💤 Lost / Inactive
oliviacahyani465@gmail.com,14,2,585000,👋 New / Promising
linasuryadi604@gmail.com,36,3,1639581,🛒 Regulars
wahyukurniawan62@yahoo.com,605,3,2551000,💤 Lost / Inactive
satrioanggraini510@outlook.com,6,3,1699830,🛒 Regulars
fatimahsembiring922@gmail.com,105,2,1334000,🛒 Regulars
yusufginting154@gmail.com,167,3,3826462,💤 Lost / Inactive
diahnugroho316@gmail.com,58,3,2280000,🛒 Regulars
cintasinaga409@gmail.com,61,2,587000,🛒 Regulars
rismayulianti249@gmail.com,6,2,1296000,👋 New / Promising
gitahartono107@gmail.com,430,2,576000,💤 Lost / Inactive
srisaputri307@yahoo.com,277,5,2451000,⚠️ At Risk (VIPs)
nadiasinaga185@yahoo.com,337,3,996000,💤 Lost / Inactive
rendiiskandar486@gmail.com,289,3,1604000,💤 Lost / Inactive
dimasginting428@gmail.com,761,1,161982,💤 Lost / Inactive
yuliwardani907@yahoo.com,62,8,4197427,⚠️ At Risk (VIPs)
dimassaputri713@gmail.com,242,2,620578,💤 Lost / Inactive
dewisuryadi476@outlook.com,439,3,1531812,💤 Lost / Inactive
karinahutapea963@gmail.com,282,3,1413279,💤 Lost / Inactive
maulanahidayat932@gmail.com,469,1,179000,💤 Lost / Inactive
rinaputri314@outlook.com,298,2,678000,💤 Lost / Inactive
rezasiregar401@gmail.com,330,1,598000,💤 Lost / Inactive
rezahasanah916@outlook.com,2,2,1096000,👋 New / Promising
putraanggraini402@outlook.com,51,4,1582449,🛒 Regulars
soniasiregar576@gmail.com,458,3,1248896,💤 Lost / Inactive
mawarwardani805@yahoo.com,44,3,882352,🛒 Regulars
ratnacahyani461@yahoo.com,6,5,2819453,🛒 Regulars
riancahyani590@gmail.com,508,2,2576177,💤 Lost / Inactive
hanakurniawan971@gmail.com,419,2,476453,💤 Lost / Inactive
ayuanggraini88@gmail.com,57,2,613661,🛒 Regulars
veraputri462@gmail.com,69,2,125398,🛒 Regulars
diahsetiawan143@gmail.com,634,2,657000,💤 Lost / Inactive
adityasantoso141@gmail.com,522,1,520936,💤 Lost / Inactive
rizkypratama587@gmail.com,776,3,1083613,💤 Lost / Inactive
dionsetiawan408@outlook.com,29,4,1807670,🛒 Regulars
rinalestari281@outlook.com,287,5,4541451,⚠️ At Risk (VIPs)
dimaspohan181@gmail.com,51,5,2193526,🛒 Regulars
teguhsembiring648@gmail.com,166,5,1583158,⚠️ At Risk (VIPs)
auliakurniawan581@gmail.com,93,5,2992829,⚠️ At Risk (VIPs)
vivikurniawan687@outlook.com,43,6,2876882,🛒 Regulars
wulananggraini582@gmail.com,139,5,2407608,⚠️ At Risk (VIPs)
ratnapratama726@gmail.com,34,6,1541000,🛒 Regulars
adityahakim93@outlook.com,166,4,741443,💤 Lost / Inactive
adicahyani847@gmail.com,96,2,1117863,🛒 Regulars
yogaiskandar656@gmail.com,56,7,6108037,🏆 Champions
rendisaputri602@outlook.com,700,2,559100,💤 Lost / Inactive
tikasari361@gmail.com,4,6,1810237,🛒 Regulars
ratnawijaya194@outlook.com,38,4,2191306,🛒 Regulars
ajimanurung684@outlook.com,698,2,317000,💤 Lost / Inactive
hanawijaya455@gmail.com,611,3,1804554,💤 Lost / Inactive
indahutami812@gmail.com,218,7,4132942,⚠️ At Risk (VIPs)
nadiarahmawati470@gmail.com,26,6,4836144,🏆 Champions
ranimanurung842@yahoo.com,719,1,59000,💤 Lost / Inactive
fatimahhartono971@outlook.com,344,5,2495876,⚠️ At Risk (VIPs)
selvisetiawan626@outlook.com,18,7,4306674,🏆 Champions
arifkurniawan974@gmail.com,22,5,2296923,🛒 Regulars
ranisetiawan834@yahoo.com,188,2,879951,💤 Lost / Inactive
hanahalim116@yahoo.com,345,3,624193,💤 Lost / Inactive
salsaiskandar4@gmail.com,211,5,2108700,⚠️ At Risk (VIPs)
sarisetiawan34@yahoo.com,272,2,435467,💤 Lost / Inactive
adriansuryadi922@gmail.com,122,3,1563721,💤 Lost / Inactive
suryasari826@gmail.com,516,2,801703,💤 Lost / Inactive
wahyupohan752@yahoo.com,305,3,1674181,💤 Lost / Inactive
kiranapohan236@gmail.com,243,4,1538687,💤 Lost / Inactive
bayukurniawan344@gmail.com,138,2,790605,💤 Lost / Inactive
anggunsembiring394@outlook.com,165,5,2118353,⚠️ At Risk (VIPs)
mawarsaputri316@gmail.com,70,7,4198650,⚠️ At Risk (VIPs)
yogautami395@gmail.com,540,4,1087018,💤 Lost / Inactive
gitaaprilia798@yahoo.com,526,4,1294000,💤 Lost / Inactive
dionhutapea59@yahoo.com,307,3,1284754,💤 Lost / Inactive
liasetiawan113@outlook.com,403,4,1857047,💤 Lost / Inactive
selvihutapea123@gmail.com,185,5,3501623,⚠️ At Risk (VIPs)
fatimahsantoso570@outlook.com,498,3,1404000,💤 Lost / Inactive
yusufhakim726@gmail.com,114,4,544115,🛒 Regulars
sitihasanah207@gmail.com,47,3,2003062,🛒 Regulars
raniwijaya925@gmail.com,317,3,1211239,💤 Lost / Inactive
satriomaharani499@outlook.com,30,6,2028547,🛒 Regulars
citrasimbolon683@outlook.com,580,4,1478757,💤 Lost / Inactive
bayuyulianti70@gmail.com,104,3,1153081,🛒 Regulars
rakasetiawan516@yahoo.com,465,2,697000,💤 Lost / Inactive
adityahasanah109@gmail.com,119,5,3955627,⚠️ At Risk (VIPs)
budinugroho987@gmail.com,228,3,851365,💤 Lost / Inactive
antonwijaya952@gmail.com,171,4,1455548,💤 Lost / Inactive
nailasantoso371@gmail.com,90,5,2404283,⚠️ At Risk (VIPs)
rendisantoso180@gmail.com,69,6,4757048,⚠️ At Risk (VIPs)
tikaanggraini173@gmail.com,119,3,978042,🛒 Regulars
agusyulianti671@gmail.com,9,4,1304272,🛒 Regulars
salsatarigan387@gmail.com,77,6,2598325,⚠️ At Risk (VIPs)
cintarahmawati185@gmail.com,319,4,1955466,💤 Lost / Inactive
rizkysuryadi790@gmail.com,37,5,2362947,🛒 Regulars
rismahutapea496@gmail.com,174,3,1997017,💤 Lost / Inactive
rioramadhan123@gmail.com,32,7,4134291,🏆 Champions
jokotanjung67@gmail.com,104,4,2079048,🛒 Regulars
nailasari843@yahoo.com,1057,1,1613828,💤 Lost / Inactive
citratarigan589@gmail.com,148,5,1617948,⚠️ At Risk (VIPs)
wahyuputri762@gmail.com,38,7,3837251,🛒 Regulars
anggihasanah819@yahoo.com,1125,1,399000,💤 Lost / Inactive
dimasyulianti737@outlook.com,161,3,1609489,💤 Lost / Inactive
hasanhakim419@yahoo.com,204,3,404073,💤 Lost / Inactive
fajarsuryadi268@outlook.com,151,2,1776828,💤 Lost / Inactive
ajisuryadi302@yahoo.com,254,3,2336065,💤 Lost / Inactive
mirahartono855@gmail.com,45,4,3366126,🛒 Regulars
bintanghutapea662@gmail.com,21,4,1123000,🛒 Regulars
maulanahutapea408@outlook.com,373,4,2141762,💤 Lost / Inactive
nailaaprilia900@yahoo.com,138,3,799998,💤 Lost / Inactive
saripermata460@gmail.com,579,6,3027000,⚠️ At Risk (VIPs)
rendihakim282@gmail.com,191,2,1324391,💤 Lost / Inactive
wulansuryadi729@yahoo.com,61,3,2860000,🛒 Regulars
yogapohan289@outlook.com,3,3,810102,🛒 Regulars
yulihakim52@gmail.com,153,1,1435000,💤 Lost / Inactive
ratnasaputra720@gmail.com,86,4,1615666,🛒 Regulars
yuliwijaya833@gmail.com,122,5,3079489,⚠️ At Risk (VIPs)
sarianggraini19@gmail.com,60,5,1493560,🛒 Regulars
viviginting364@outlook.com,146,4,2127970,💤 Lost / Inactive
karinahalim120@gmail.com,110,2,1313000,🛒 Regulars
rianmanurung492@outlook.com,188,2,1606000,💤 Lost / Inactive
sitinugroho171@yahoo.com,40,3,1363813,🛒 Regulars
auliaputri651@outlook.com,32,3,2650963,🛒 Regulars
indahiskandar35@yahoo.com,156,2,767303,💤 Lost / Inactive
bagushasanah956@gmail.com,9,4,2041998,🛒 Regulars
rianwijaya597@gmail.com,747,2,1046000,💤 Lost / Inactive
nandayulianti514@yahoo.com,637,2,963833,💤 Lost / Inactive
andrecahyani668@gmail.com,358,1,407000,💤 Lost / Inactive
daffasiregar511@outlook.com,236,1,566357,💤 Lost / Inactive
bintangrahmawati578@gmail.com,148,3,2219000,💤 Lost / Inactive
rizkysetiawan266@outlook.com,242,1,449000,💤 Lost / Inactive
rinahidayat728@yahoo.com,8,8,3097928,🛒 Regulars
dewilestari943@gmail.com,200,5,2542256,⚠️ At Risk (VIPs)
angguniskandar838@yahoo.com,20,6,3084000,🛒 Regulars
pandukurniawan8@gmail.com,8,5,2404556,🛒 Regulars
rizkyyulianti483@gmail.com,13,6,1912231,🛒 Regulars
sarirahmawati106@gmail.com,79,7,2113979,⚠️ At Risk (VIPs)
baguspermata248@gmail.com,296,4,319126,💤 Lost / Inactive
bellafauzi172@outlook.com,81,8,2937740,⚠️ At Risk (VIPs)
hadicahyani930@gmail.com,24,5,2326918,🛒 Regulars
bagustanjung698@gmail.com,34,6,1926563,🛒 Regulars
rendimanurung639@gmail.com,22,4,1926863,🛒 Regulars
kiranahutapea603@gmail.com,290,3,1647916,💤 Lost / Inactive
hasanhalim751@gmail.com,8,8,3647982,🛒 Regulars
dimaskurniawan96@outlook.com,113,3,1471271,🛒 Regulars
anggunaprilia257@yahoo.com,651,4,1021141,💤 Lost / Inactive
putrasantoso301@gmail.com,114,7,3671773,⚠️ At Risk (VIPs)
vaniautami43@gmail.com,111,3,1243207,🛒 Regulars
sariaprilia745@outlook.com,239,4,1752008,💤 Lost / Inactive
putrahakim772@gmail.com,166,6,3120670,⚠️ At Risk (VIPs)
srimanurung943@yahoo.com,9,4,792004,🛒 Regulars
bellasaputra258@gmail.com,377,4,2461147,💤 Lost / Inactive
wulansimbolon941@outlook.com,171,5,2117230,⚠️ At Risk (VIPs)
jokosaputri679@outlook.com,257,4,1630304,💤 Lost / Inactive
indrawardani687@yahoo.com,508,2,602673,💤 Lost / Inactive
fatimahutami221@gmail.com,63,2,448673,🛒 Regulars
bambangwardani513@yahoo.com,13,4,988534,🛒 Regulars
indahlestari351@yahoo.com,448,2,726000,💤 Lost / Inactive
mawarkurniawan417@gmail.com,17,7,3083452,🛒 Regulars
putrilestari956@outlook.com,4,3,1232000,🛒 Regulars
hadisiregar710@outlook.com,144,3,477047,💤 Lost / Inactive
antonkurniawan511@gmail.com,78,6,4566463,⚠️ At Risk (VIPs)
gitacahyani621@outlook.com,98,5,1405761,⚠️ At Risk (VIPs)
liasusanti275@gmail.com,60,4,1922412,🛒 Regulars
iqbalfauzi287@gmail.com,181,4,1181604,💤 Lost / Inactive
gitalestari376@gmail.com,302,4,2286065,💤 Lost / Inactive
indrawardani658@gmail.com,167,6,2477975,⚠️ At Risk (VIPs)
salsaputri964@yahoo.com,142,6,2003583,⚠️ At Risk (VIPs)
indrasantoso147@gmail.com,149,2,657000,💤 Lost / Inactive
nandapratama274@gmail.com,221,2,251357,💤 Lost / Inactive
vaniasantoso492@gmail.com,293,5,2251726,⚠️ At Risk (VIPs)
rakalestari370@outlook.com,62,4,1690074,🛒 Regulars
auliasimbolon901@gmail.com,607,1,1016000,💤 Lost / Inactive
antonkurniawan55@gmail.com,164,4,1635490,💤 Lost / Inactive
andihartono395@gmail.com,181,7,2918396,⚠️ At Risk (VIPs)
riokurniawan215@yahoo.com,54,4,2029540,🛒 Regulars
auliahalim21@outlook.com,77,3,1704995,🛒 Regulars
rakasusanti663@yahoo.com,135,3,1345484,💤 Lost / Inactive
andisuryadi69@yahoo.com,239,2,747000,💤 Lost / Inactive
citrasetiawan760@yahoo.com,44,6,3333717,🛒 Regulars
daniramadhan620@gmail.com,271,4,2612027,💤 Lost / Inactive
bambangkurniawan434@gmail.com,244,6,3855000,⚠️ At Risk (VIPs)
mirapohan18@gmail.com,108,5,3806178,⚠️ At Risk (VIPs)
srikurniawan955@gmail.com,279,5,3119526,⚠️ At Risk (VIPs)
irfanpohan116@outlook.com,181,5,1351559,⚠️ At Risk (VIPs)
vivisetiawan531@outlook.com,281,3,561788,💤 Lost / Inactive
yulicahyani90@gmail.com,8,6,3857039,🛒 Regulars
bambanglestari237@yahoo.com,9,7,2995670,🛒 Regulars
bayutarigan570@gmail.com,204,4,2765156,💤 Lost / Inactive
dionsusanti925@outlook.com,252,1,599000,💤 Lost / Inactive
auliahalim578@gmail.com,180,3,484081,💤 Lost / Inactive
yogasari947@gmail.com,402,3,1466265,💤 Lost / Inactive
irfanfauzi538@yahoo.com,105,3,2782627,🛒 Regulars
zahralestari480@gmail.com,85,3,771742,🛒 Regulars
arifwijaya895@outlook.com,16,5,2942786,🛒 Regulars
rizkywardani860@outlook.com,114,2,633528,🛒 Regulars
hasnasinaga642@outlook.com,39,6,3423912,🛒 Regulars
karinatanjung888@yahoo.com,408,3,1077000,💤 Lost / Inactive
hanasimbolon349@yahoo.com,229,3,5034443,⚠️ At Risk (VIPs)
ajipratama225@yahoo.com,16,3,1872689,🛒 Regulars
vaniasaputra85@yahoo.com,22,1,299000,👋 New / Promising
ekosuryadi88@outlook.com,8,5,835247,🛒 Regulars
satriofauzi222@gmail.com,12,4,1658399,🛒 Regulars
hanaginting890@gmail.com,106,4,1924142,🛒 Regulars
ranisiregar248@gmail.com,6,5,962808,🛒 Regulars
daffasantoso771@gmail.com,378,1,79000,💤 Lost / Inactive
hadifauzi621@yahoo.com,5,7,6615921,🏆 Champions
andisaputri492@outlook.com,310,2,845000,💤 Lost / Inactive
hasankurniawan88@gmail.com,66,5,1245786,⚠️ At Risk (VIPs)
mayasiregar683@outlook.com,6,4,823646,🛒 Regulars
shintahartono82@outlook.com,1110,1,119000,💤 Lost / Inactive
rioramadhan105@outlook.com,385,3,3366688,💤 Lost / Inactive
dionsaputra474@gmail.com,47,7,2836870,🛒 Regulars
citrasembiring466@gmail.com,248,1,111686,💤 Lost / Inactive
putricahyani122@outlook.com,423,4,1422550,💤 Lost / Inactive
nadiayulianti814@gmail.com,112,2,829896,🛒 Regulars
nabilapohan776@outlook.com,256,5,3699458,⚠️ At Risk (VIPs)
doniputri920@outlook.com,11,4,2561830,🛒 Regulars
nabilasetiawan764@gmail.com,26,6,1707735,🛒 Regulars
vaniafauzi765@yahoo.com,27,4,1876536,🛒 Regulars
ajiwijaya475@gmail.com,35,3,374675,🛒 Regulars
antonyulianti394@yahoo.com,566,2,730070,💤 Lost / Inactive
satriohutapea430@outlook.com,460,1,556000,💤 Lost / Inactive
alyahalim38@gmail.com,162,1,208000,💤 Lost / Inactive
rezaramadhan262@yahoo.com,353,1,378000,💤 Lost / Inactive
selvisinaga876@yahoo.com,64,4,2201052,🛒 Regulars
bellaaprilia271@gmail.com,49,4,1802000,🛒 Regulars
budiramadhan17@outlook.com,37,1,268000,🛒 Regulars
fatimahsaputri830@gmail.com,223,4,1414593,💤 Lost / Inactive
oliviasuryadi408@outlook.com,131,4,2108661,💤 Lost / Inactive
anggunsimbolon687@outlook.com,301,1,916000,💤 Lost / Inactive
sarimanurung907@gmail.com,552,3,1313000,💤 Lost / Inactive
rakayulianti504@yahoo.com,712,2,686000,💤 Lost / Inactive
nandayulianti628@gmail.com,563,3,2111000,💤 Lost / Inactive
ratnacahyani294@gmail.com,80,2,1161252,🛒 Regulars
mirapratama267@gmail.com,496,1,897000,💤 Lost / Inactive
vivisari904@yahoo.com,300,2,797713,💤 Lost / Inactive
mawarmanurung83@gmail.com,474,3,1495945,💤 Lost / Inactive
daffarahmawati197@outlook.com,943,1,199000,💤 Lost / Inactive
arifhartono334@gmail.com,34,3,824076,🛒 Regulars
melatiwardani987@gmail.com,131,1,549000,💤 Lost / Inactive
yulirahmawati450@gmail.com,83,8,2779509,⚠️ At Risk (VIPs)
selvisimbolon417@outlook.com,11,5,1786056,🛒 Regulars
anggisetiawan894@outlook.com,401,5,3150679,⚠️ At Risk (VIPs)
linapohan759@yahoo.com,160,3,1626253,💤 Lost / Inactive
hasnasari968@outlook.com,381,2,1395000,💤 Lost / Inactive
mawarcahyani609@gmail.com,151,5,2676997,⚠️ At Risk (VIPs)
selvirahmawati310@outlook.com,47,6,2472231,🛒 Regulars
riohidayat620@gmail.com,331,2,803474,💤 Lost / Inactive
ratnasari920@gmail.com,1,5,3321714,🛒 Regulars
melatiwijaya91@gmail.com,152,2,1234704,💤 Lost / Inactive
mawarrahmawati456@gmail.com,267,4,2245798,💤 Lost / Inactive
anggimanurung116@gmail.com,27,8,5109045,🏆 Champions
hadilestari177@gmail.com,17,9,3100767,🛒 Regulars
bambanghidayat865@gmail.com,619,4,2215944,💤 Lost / Inactive
toninugroho397@gmail.com,55,5,2179000,🛒 Regulars
iqbalsetiawan152@yahoo.com,176,4,2767460,💤 Lost / Inactive
nandahartono835@gmail.com,707,3,1425499,💤 Lost / Inactive
bayuutami165@gmail.com,188,5,2335615,⚠️ At Risk (VIPs)
soniasari223@gmail.com,160,3,1473897,💤 Lost / Inactive
putriyulianti824@gmail.com,138,4,2276761,💤 Lost / Inactive
veraiskandar71@yahoo.com,129,7,3887425,⚠️ At Risk (VIPs)
teguhhutapea177@outlook.com,7,8,3537256,🛒 Regulars
sarisetiawan961@yahoo.com,24,5,2388819,🛒 Regulars
putrahasanah3@yahoo.com,138,3,444499,💤 Lost / Inactive
putrapohan349@gmail.com,596,2,729821,💤 Lost / Inactive
cintacahyani560@gmail.com,243,2,272006,💤 Lost / Inactive
galihputri742@gmail.com,84,4,877202,🛒 Regulars
maulanautami308@yahoo.com,26,6,1766673,🛒 Regulars
baguspohan488@outlook.com,55,10,2862536,🛒 Regulars
sitiutami608@gmail.com,45,4,1779000,🛒 Regulars
rezafauzi677@gmail.com,53,4,2341000,🛒 Regulars
kiranamaharani406@gmail.com,26,6,4036106,🏆 Champions
ratnatarigan862@gmail.com,209,4,4049623,⚠️ At Risk (VIPs)
indahyulianti421@gmail.com,39,8,3887246,🛒 Regulars
panducahyani510@gmail.com,439,2,1441273,💤 Lost / Inactive
melatifauzi396@gmail.com,19,6,2438858,🛒 Regulars
angguniskandar663@outlook.com,116,3,625000,🛒 Regulars
wulanrahmawati649@gmail.com,389,5,2767629,⚠️ At Risk (VIPs)
gitarahmawati276@outlook.com,90,5,3042173,⚠️ At Risk (VIPs)
cintanugroho983@outlook.com,30,8,2153164,🛒 Regulars
selviputri402@gmail.com,130,5,1550728,⚠️ At Risk (VIPs)
citrasusanti756@gmail.com,229,2,1756512,💤 Lost / Inactive
nabilalestari680@gmail.com,264,5,3964102,⚠️ At Risk (VIPs)
anggihidayat635@gmail.com,82,5,2637461,⚠️ At Risk (VIPs)
kiranawardani722@gmail.com,12,3,2600000,🛒 Regulars
andresembiring976@gmail.com,403,5,2794214,⚠️ At Risk (VIPs)
hasnasantoso943@yahoo.com,125,4,1437887,💤 Lost / Inactive
rendikurniawan959@outlook.com,152,3,952047,💤 Lost / Inactive
ferdihutapea87@gmail.com,233,3,1076000,💤 Lost / Inactive
nadiasaputri776@outlook.com,289,4,2555437,💤 Lost / Inactive
alyakurniawan20@gmail.com,569,3,1753000,💤 Lost / Inactive
irfansaputri191@gmail.com,154,7,4352423,⚠️ At Risk (VIPs)
nadiasimbolon417@gmail.com,8,5,2377496,🛒 Regulars
hasnapermata435@yahoo.com,26,5,1904850,🛒 Regulars
ridhowardani521@outlook.com,286,2,1459052,💤 Lost / Inactive
dionlestari283@gmail.com,292,5,2857681,⚠️ At Risk (VIPs)
rianiskandar90@outlook.com,426,7,4203316,⚠️ At Risk (VIPs)
suryatanjung425@yahoo.com,786,2,1320592,💤 Lost / Inactive
ekohutapea470@outlook.com,314,3,530586,💤 Lost / Inactive
megasantoso107@gmail.com,18,5,1711974,🛒 Regulars
sitiyulianti216@outlook.com,57,7,4081290,🏆 Champions
suryakurniawan470@yahoo.com,4,5,2939140,🛒 Regulars
rismapratama158@gmail.com,614,2,514644,💤 Lost / Inactive
kiranatanjung219@gmail.com,79,5,2983564,⚠️ At Risk (VIPs)
shintaramadhan922@gmail.com,692,2,916000,💤 Lost / Inactive
danihalim239@gmail.com,36,3,1951679,🛒 Regulars
taniayulianti661@gmail.com,483,2,503965,💤 Lost / Inactive
nadiaiskandar962@gmail.com,12,4,1028492,🛒 Regulars
rizkysimbolon821@yahoo.com,2,4,3567857,🛒 Regulars
nailayulianti592@gmail.com,7,2,477000,👋 New / Promising
putrisembiring132@yahoo.com,20,2,1284000,👋 New / Promising
niaputri478@gmail.com,101,4,1826605,🛒 Regulars
sarisembiring226@gmail.com,398,2,2135995,💤 Lost / Inactive
melatipratama252@gmail.com,876,2,706000,💤 Lost / Inactive
haditarigan615@gmail.com,642,1,1196000,💤 Lost / Inactive
hasanputri423@outlook.com,403,2,328000,💤 Lost / Inactive
irfansantoso386@yahoo.com,294,4,3450440,💤 Lost / Inactive
indahpohan94@gmail.com,140,1,279000,💤 Lost / Inactive
andiwardani111@outlook.com,22,1,576000,👋 New / Promising
nadiahakim965@gmail.com,117,2,797924,🛒 Regulars
doniwijaya27@gmail.com,26,3,836842,🛒 Regulars
daffaiskandar457@yahoo.com,258,1,208000,💤 Lost / Inactive
tikasinaga145@yahoo.com,195,3,1230887,💤 Lost / Inactive
galihrahmawati879@gmail.com,852,1,527000,💤 Lost / Inactive
hanaginting167@yahoo.com,48,6,1544654,🛒 Regulars
budikurniawan660@gmail.com,309,5,2211740,⚠️ At Risk (VIPs)
yulinugroho572@outlook.com,23,4,2225897,🛒 Regulars
rendihasanah509@yahoo.com,44,4,2630497,🛒 Regulars
tikahartono122@gmail.com,274,7,1370000,⚠️ At Risk (VIPs)
vivilestari325@gmail.com,24,9,4865145,🏆 Champions
kiranahidayat664@gmail.com,584,2,965428,💤 Lost / Inactive
anggitarigan159@gmail.com,2,4,1640619,🛒 Regulars
megatanjung782@gmail.com,133,5,1571401,⚠️ At Risk (VIPs)
galihsari485@outlook.com,522,4,2363144,💤 Lost / Inactive
rinahutapea4@yahoo.com,1,5,2352636,🛒 Regulars
anggisetiawan709@gmail.com,47,5,2936787,🛒 Regulars
rianputri371@gmail.com,233,5,2501605,⚠️ At Risk (VIPs)
satriopohan178@yahoo.com,285,4,1245058,💤 Lost / Inactive
zahrasuryadi603@yahoo.com,230,5,1443028,⚠️ At Risk (VIPs)
fajarsiregar913@gmail.com,49,6,3679779,🛒 Regulars
diahhutapea718@gmail.com,282,2,876191,💤 Lost / Inactive
dewikurniawan183@outlook.com,148,4,1141190,💤 Lost / Inactive
angginugroho455@gmail.com,21,7,2289314,🛒 Regulars
rakalestari703@gmail.com,338,2,806871,💤 Lost / Inactive
riannugroho171@yahoo.com,40,5,3716401,🛒 Regulars
fatimahsetiawan70@yahoo.com,67,7,3955695,⚠️ At Risk (VIPs)
agusaprilia870@outlook.com,98,9,2362709,⚠️ At Risk (VIPs)
kiranawardani15@outlook.com,129,5,1094017,⚠️ At Risk (VIPs)
nandasari784@gmail.com,186,4,3082712,💤 Lost / Inactive
yusufwardani297@gmail.com,164,3,1473046,💤 Lost / Inactive
jokosinaga641@gmail.com,6,5,3304637,🛒 Regulars
ajiputri567@gmail.com,275,3,858203,💤 Lost / Inactive
irfansaputri965@gmail.com,181,4,2225545,💤 Lost / Inactive
sonianugroho456@outlook.com,12,4,3389731,🛒 Regulars
ajisari176@yahoo.com,322,3,1544000,💤 Lost / Inactive
nailahakim198@gmail.com,13,6,3762079,🛒 Regulars
donisetiawan259@gmail.com,66,4,1889972,🛒 Regulars
oliviasaputra880@outlook.com,256,4,2046201,💤 Lost / Inactive
rendirahmawati737@yahoo.com,5,5,3964099,🛒 Regulars
verahartono291@gmail.com,281,3,1526624,💤 Lost / Inactive
pandupratama359@outlook.com,53,4,1893354,🛒 Regulars
rendilestari981@gmail.com,98,1,698000,🛒 Regulars
andimanurung7@gmail.com,38,2,554748,🛒 Regulars
alyasantoso243@gmail.com,21,5,2021305,🛒 Regulars
baguspermata248@gmail.com,366,5,2521076,⚠️ At Risk (VIPs)
rezapratama534@gmail.com,0,5,4006590,🏆 Champions
daninugroho491@gmail.com,80,7,3608958,⚠️ At Risk (VIPs)
karinapohan568@outlook.com,320,2,621834,💤 Lost / Inactive
hadifauzi422@gmail.com,58,9,4497048,🏆 Champions
sriyulianti921@outlook.com,129,8,3431588,⚠️ At Risk (VIPs)
selvikurniawan80@gmail.com,66,2,853092,🛒 Regulars
irfansuryadi73@yahoo.com,559,3,815000,💤 Lost / Inactive
verasari878@gmail.com,202,4,1584944,💤 Lost / Inactive
hadimanurung65@gmail.com,401,3,2324000,💤 Lost / Inactive
agushidayat373@gmail.com,36,3,1134581,🛒 Regulars
alyasaputra2@outlook.com,229,4,1153562,💤 Lost / Inactive
hanahasanah125@gmail.com,145,6,3551309,⚠️ At Risk (VIPs)
dewihartono945@outlook.com,42,5,4278684,🏆 Champions
indahsari653@gmail.com,87,1,519536,🛒 Regulars
hendrasantoso799@gmail.com,348,1,987000,💤 Lost / Inactive
salsasetiawan280@gmail.com,104,4,3218000,🛒 Regulars
shintaramadhan663@gmail.com,108,4,1458484,🛒 Regulars
dionsimbolon725@gmail.com,295,3,620959,💤 Lost / Inactive
riohutapea272@yahoo.com,412,3,1589947,💤 Lost / Inactive
adityasiregar323@yahoo.com,39,6,4851218,🏆 Champions
nabilasusanti509@outlook.com,9,5,2115331,🛒 Regulars
indrasaputra72@gmail.com,22,3,743179,🛒 Regulars
nadiakurniawan419@gmail.com,23,5,2622049,🛒 Regulars
maulananugroho601@gmail.com,226,4,1183360,💤 Lost / Inactive
rendihidayat214@outlook.com,493,3,2991000,💤 Lost / Inactive
suryasinaga348@yahoo.com,379,3,2165000,💤 Lost / Inactive
mawarwijaya405@gmail.com,31,6,3269455,🛒 Regulars
tikakurniawan982@gmail.com,479,1,399000,💤 Lost / Inactive
fajarputri327@gmail.com,489,1,237682,💤 Lost / Inactive
tikatanjung30@gmail.com,40,6,2982126,🛒 Regulars
antonmaharani978@gmail.com,239,3,463914,💤 Lost / Inactive
faisalsembiring779@gmail.com,463,2,1671044,💤 Lost / Inactive
hendrasantoso545@yahoo.com,371,3,2708000,💤 Lost / Inactive
mawarginting335@yahoo.com,71,6,2780688,⚠️ At Risk (VIPs)
bagussaputra942@gmail.com,257,4,2024000,💤 Lost / Inactive
vivianggraini291@gmail.com,230,3,2302418,💤 Lost / Inactive
karinawardani811@gmail.com,221,3,889821,💤 Lost / Inactive
rezahutapea794@gmail.com,79,2,1088287,🛒 Regulars
anggiwardani709@gmail.com,234,4,1438288,💤 Lost / Inactive
jokohasanah699@yahoo.com,140,3,1000756,💤 Lost / Inactive
anggunwardani485@gmail.com,71,2,1107000,🛒 Regulars
shintasaputra308@yahoo.com,487,1,198000,💤 Lost / Inactive
fatimahsimbolon992@yahoo.com,13,1,229000,👋 New / Promising
viviramadhan633@gmail.com,731,2,846240,💤 Lost / Inactive
satriosari100@gmail.com,530,4,2250451,💤 Lost / Inactive
danikurniawan150@gmail.com,378,3,3451728,💤 Lost / Inactive
rezahidayat306@gmail.com,25,2,753218,👋 New / Promising
hasnaanggraini131@gmail.com,65,3,1283209,🛒 Regulars
ridhosusanti215@yahoo.com,188,4,1257067,💤 Lost / Inactive
fatimahsaputri990@gmail.com,288,3,1544222,💤 Lost / Inactive
oliviapratama708@gmail.com,1089,1,446048,💤 Lost / Inactive
indahlestari862@outlook.com,784,1,998000,💤 Lost / Inactive
agushutapea475@yahoo.com,283,2,1923503,💤 Lost / Inactive
mawarhasanah363@gmail.com,633,1,898000,💤 Lost / Inactive
ratnasari732@gmail.com,1071,1,317000,💤 Lost / Inactive
liawardani390@yahoo.com,84,1,136651,🛒 Regulars
dewihutapea591@yahoo.com,129,6,7803360,⚠️ At Risk (VIPs)
vaniahidayat716@outlook.com,295,2,1521669,💤 Lost / Inactive
irfanhutapea167@outlook.com,475,2,327033,💤 Lost / Inactive
auliafauzi166@gmail.com,49,5,804526,🛒 Regulars
yogahidayat262@gmail.com,201,4,2380460,💤 Lost / Inactive
oliviapohan550@outlook.com,508,1,79000,💤 Lost / Inactive
bambangsaputri235@outlook.com,242,4,1368252,💤 Lost / Inactive
adityapratama257@gmail.com,74,6,2351725,⚠️ At Risk (VIPs)
riokurniawan996@outlook.com,325,4,2241735,💤 Lost / Inactive
rismatanjung509@gmail.com,21,4,2820316,🛒 Regulars
panduiskandar304@gmail.com,71,2,895000,🛒 Regulars
wulansuryadi729@yahoo.com,597,4,2613301,💤 Lost / Inactive
nailamanurung606@yahoo.com,38,3,1355096,🛒 Regulars
shintacahyani96@outlook.com,255,2,1020229,💤 Lost / Inactive
bambanganggraini949@gmail.com,338,3,1214000,💤 Lost / Inactive
rinafauzi492@gmail.com,98,8,4293615,⚠️ At Risk (VIPs)
fitricahyani183@gmail.com,29,5,3330429,🛒 Regulars
haditanjung486@yahoo.com,50,3,1115668,🛒 Regulars
riohartono774@outlook.com,471,3,872441,💤 Lost / Inactive
indahsuryadi422@gmail.com,144,6,2596224,⚠️ At Risk (VIPs)
veracahyani818@outlook.com,153,4,2208682,💤 Lost / Inactive
ajiwardani496@gmail.com,205,4,1356033,💤 Lost / Inactive
baguslestari742@yahoo.com,10,3,1483000,🛒 Regulars
vaniasembiring89@yahoo.com,52,3,939764,🛒 Regulars
mayasari933@gmail.com,118,4,2281877,🛒 Regulars
fatimahyulianti655@gmail.com,183,4,2509550,💤 Lost / Inactive
ferdiramadhan873@yahoo.com,42,1,267222,🛒 Regulars
taniapratama166@outlook.com,107,3,1662762,🛒 Regulars
teguhutami885@outlook.com,119,6,2716069,⚠️ At Risk (VIPs)
bambangginting26@gmail.com,342,1,926000,💤 Lost / Inactive
melatisembiring501@gmail.com,60,6,4250552,🏆 Champions
hasnasembiring545@gmail.com,296,3,1880074,💤 Lost / Inactive
rismasembiring342@outlook.com,20,4,1057522,🛒 Regulars
anggitarigan795@outlook.com,276,3,2663531,💤 Lost / Inactive
sitihakim417@yahoo.com,0,7,2455663,🛒 Regulars
oliviapermata540@gmail.com,454,1,414358,💤 Lost / Inactive
ridhowardani65@yahoo.com,194,3,1141276,💤 Lost / Inactive
alyahidayat263@outlook.com,219,6,2425402,⚠️ At Risk (VIPs)
adipratama823@gmail.com,34,2,1906937,🛒 Regulars
keviniskandar963@gmail.com,26,10,2636084,🛒 Regulars
sarisaputra883@gmail.com,38,5,2405208,🛒 Regulars
mirarahmawati944@outlook.com,432,3,2290075,💤 Lost / Inactive
karinahutapea729@outlook.com,3,3,883856,🛒 Regulars
ekomanurung498@gmail.com,26,4,2408698,🛒 Regulars
aguswardani824@yahoo.com,189,2,776000,💤 Lost / Inactive
niawijaya512@yahoo.com,173,4,1125000,💤 Lost / Inactive
rismayulianti255@gmail.com,32,3,715016,🛒 Regulars
verarahmawati829@gmail.com,265,3,1143383,💤 Lost / Inactive
taniaiskandar852@yahoo.com,676,2,633700,💤 Lost / Inactive
bambangsimbolon370@gmail.com,45,3,737229,🛒 Regulars
wulanpermata546@yahoo.com,414,1,462733,💤 Lost / Inactive
fatimahpratama222@gmail.com,236,4,1875387,💤 Lost / Inactive
hasnahasanah474@gmail.com,320,3,2352000,💤 Lost / Inactive
taniautami334@gmail.com,254,5,1858684,⚠️ At Risk (VIPs)
kiranahutapea326@gmail.com,317,1,998000,💤 Lost / Inactive
wulansari701@gmail.com,186,2,587596,💤 Lost / Inactive
irfantanjung415@gmail.com,387,2,2543000,💤 Lost / Inactive
fitrilestari318@yahoo.com,26,4,1938618,🛒 Regulars
hadiramadhan205@yahoo.com,293,2,956000,💤 Lost / Inactive
tikafauzi392@gmail.com,24,6,3651515,🛒 Regulars
gitaiskandar403@gmail.com,125,4,1767069,💤 Lost / Inactive
teguhsantoso488@yahoo.com,219,4,1571937,💤 Lost / Inactive
nadiakurniawan327@gmail.com,19,4,1931726,🛒 Regulars
oliviayulianti434@outlook.com,25,6,1942800,🛒 Regulars
rizkypratama589@yahoo.com,322,4,2859731,💤 Lost / Inactive
rioaprilia425@gmail.com,120,6,3133102,⚠️ At Risk (VIPs)
putrisaputra719@outlook.com,253,6,1840616,⚠️ At Risk (VIPs)
agushartono867@gmail.com,4,5,2664224,🛒 Regulars
dimasiskandar233@yahoo.com,1,3,1290532,🛒 Regulars
kevinsuryadi179@gmail.com,112,3,2970655,🛒 Regulars
mayasaputra802@gmail.com,40,4,1460265,🛒 Regulars
shintahasanah536@gmail.com,309,2,1718712,💤 Lost / Inactive
ajiaprilia633@gmail.com,145,4,2960367,💤 Lost / Inactive
putrisaputra852@gmail.com,228,3,1042250,💤 Lost / Inactive
irfananggraini972@gmail.com,114,3,657771,🛒 Regulars
megamanurung649@yahoo.com,75,4,1274197,🛒 Regulars
adrianputri155@gmail.com,43,4,3674820,🛒 Regulars
hasnawardani22@outlook.com,20,6,3346697,🛒 Regulars
bambanghutapea70@outlook.com,108,3,2092425,🛒 Regulars
yulihakim860@yahoo.com,118,4,1912075,🛒 Regulars
rezamaharani622@gmail.com,317,1,129000,💤 Lost / Inactive
donihidayat161@outlook.com,27,3,973115,🛒 Regulars
bayucahyani794@gmail.com,101,1,49000,🛒 Regulars
megacahyani881@gmail.com,82,7,3875283,⚠️ At Risk (VIPs)
shintapermata68@yahoo.com,41,4,4612940,🛒 Regulars
cintaramadhan732@gmail.com,322,1,549000,💤 Lost / Inactive
pandutarigan272@gmail.com,1069,1,314111,💤 Lost / Inactive
riansinaga577@gmail.com,499,1,1079326,💤 Lost / Inactive
suryahalim482@outlook.com,1038,1,498000,💤 Lost / Inactive
daniutami394@gmail.com,139,3,1156140,💤 Lost / Inactive
rinaanggraini976@outlook.com,481,2,926000,💤 Lost / Inactive
hasnamanurung999@gmail.com,337,2,1395000,💤 Lost / Inactive
irfanpermata507@gmail.com,982,1,415557,💤 Lost / Inactive
citraaprilia179@yahoo.com,291,2,1086000,💤 Lost / Inactive
hadifauzi345@gmail.com,284,1,157742,💤 Lost / Inactive
ratnasembiring47@gmail.com,636,2,497270,💤 Lost / Inactive
alyahartono174@gmail.com,171,5,1486324,⚠️ At Risk (VIPs)
indrautami201@gmail.com,0,8,4634423,🏆 Champions
hasnahidayat914@gmail.com,261,7,3567450,⚠️ At Risk (VIPs)
nadiaiskandar68@outlook.com,187,2,547000,💤 Lost / Inactive
riosuryadi941@gmail.com,69,5,2908000,⚠️ At Risk (VIPs)
mawaryulianti827@gmail.com,2,3,1518546,🛒 Regulars
megahasanah54@gmail.com,43,5,2561544,🛒 Regulars
cintasaputri230@gmail.com,148,7,4078259,⚠️ At Risk (VIPs)
riansimbolon467@gmail.com,14,4,2042125,🛒 Regulars
nandahidayat288@yahoo.com,248,4,1494000,💤 Lost / Inactive
tikasusanti591@yahoo.com,115,3,1207836,🛒 Regulars
citrayulianti585@gmail.com,10,8,4032548,🏆 Champions
cintalestari687@gmail.com,9,2,976076,👋 New / Promising
linahasanah517@gmail.com,187,4,2579640,💤 Lost / Inactive
diahpratama956@gmail.com,284,6,2059414,⚠️ At Risk (VIPs)
fatimahnugroho947@outlook.com,33,6,2792238,🛒 Regulars
vaniautami52@gmail.com,38,2,909592,🛒 Regulars
bayunugroho934@yahoo.com,22,3,1162318,🛒 Regulars
gitakurniawan815@gmail.com,15,5,1667504,🛒 Regulars
suryahakim222@gmail.com,31,8,4151541,🏆 Champions
anggunhutapea894@gmail.com,3,6,2133626,🛒 Regulars
yulinugroho128@gmail.com,119,1,558000,🛒 Regulars
indahcahyani698@gmail.com,54,5,1780603,🛒 Regulars
hendramaharani115@outlook.com,161,3,1154785,💤 Lost / Inactive
fitrihasanah945@gmail.com,9,6,3566871,🛒 Regulars
hanasembiring781@yahoo.com,89,6,3838959,⚠️ At Risk (VIPs)
rianputri70@gmail.com,39,3,1135895,🛒 Regulars
citraanggraini982@gmail.com,3,4,1127586,🛒 Regulars
karinapohan667@gmail.com,80,8,4295724,⚠️ At Risk (VIPs)
putraginting488@yahoo.com,33,4,2703013,🛒 Regulars
aguslestari599@outlook.com,11,6,2005372,🛒 Regulars
hasanlestari449@gmail.com,71,3,2034525,🛒 Regulars
hasnautami434@gmail.com,191,7,2291308,⚠️ At Risk (VIPs)
megasimbolon162@outlook.com,48,5,2032608,🛒 Regulars
faisalsiregar457@gmail.com,366,4,1332429,💤 Lost / Inactive
oliviasembiring332@yahoo.com,283,5,2737000,⚠️ At Risk (VIPs)
nabilawardani124@gmail.com,125,4,1367178,💤 Lost / Inactive
verahutapea614@gmail.com,25,6,2557847,🛒 Regulars
dionsiregar730@gmail.com,19,8,4912003,🏆 Champions
ridhoaprilia544@gmail.com,545,3,1495496,💤 Lost / Inactive
taniahasanah874@gmail.com,201,2,1046000,💤 Lost / Inactive
mirasaputri99@gmail.com,381,2,1326000,💤 Lost / Inactive
melatisinaga312@gmail.com,11,3,2103531,🛒 Regulars
srianggraini950@outlook.com,1,4,3274334,🛒 Regulars
budiramadhan76@gmail.com,409,6,2373116,⚠️ At Risk (VIPs)
ayunugroho568@outlook.com,185,5,1133052,⚠️ At Risk (VIPs)
indahutami858@yahoo.com,328,3,2305210,💤 Lost / Inactive
hasnawardani390@outlook.com,178,5,3850163,⚠️ At Risk (VIPs)
rezaputri186@gmail.com,170,4,2218809,💤 Lost / Inactive
antonkurniawan511@yahoo.com,186,3,1437473,💤 Lost / Inactive
alyalestari168@outlook.com,309,4,2100183,💤 Lost / Inactive
adisinaga504@gmail.com,121,7,3065166,⚠️ At Risk (VIPs)
putrasinaga770@outlook.com,167,6,2986739,⚠️ At Risk (VIPs)
budisimbolon135@outlook.com,74,4,1288081,🛒 Regulars
mayautami105@gmail.com,173,6,2829378,⚠️ At Risk (VIPs)
auliawijaya614@yahoo.com,87,3,1958260,🛒 Regulars
indahrahmawati74@yahoo.com,86,4,681000,🛒 Regulars
rendianggraini988@gmail.com,276,3,1713666,💤 Lost / Inactive
karinasembiring112@gmail.com,1007,1,757000,💤 Lost / Inactive
hasnacahyani775@gmail.com,196,6,3162125,⚠️ At Risk (VIPs)
rendinugroho137@gmail.com,397,3,517000,💤 Lost / Inactive
mayapohan670@gmail.com,102,4,1780293,🛒 Regulars
indrahutapea505@gmail.com,243,5,4001485,⚠️ At Risk (VIPs)
indrasembiring717@outlook.com,0,4,2211437,🛒 Regulars
rismasaputri799@gmail.com,346,4,2352000,💤 Lost / Inactive
rizkyginting131@outlook.com,59,6,4007743,🏆 Champions
mirasusanti725@gmail.com,185,2,1618114,💤 Lost / Inactive
liautami75@outlook.com,25,3,1404326,🛒 Regulars
mawarmaharani364@gmail.com,9,3,736392,🛒 Regulars
maulanayulianti154@yahoo.com,58,3,1096304,🛒 Regulars
tikaiskandar117@outlook.com,492,5,3928000,⚠️ At Risk (VIPs)
donihartono423@outlook.com,368,3,2302863,💤 Lost / Inactive
linafauzi129@outlook.com,176,6,2786262,⚠️ At Risk (VIPs)
kevinwardani13@gmail.com,135,4,1635078,💤 Lost / Inactive
nailafauzi798@outlook.com,60,6,3462978,🛒 Regulars
daffasusanti566@gmail.com,24,3,2199822,🛒 Regulars
megautami142@outlook.com,5,4,1621527,🛒 Regulars
dimashidayat865@outlook.com,11,6,2448715,🛒 Regulars
wahyuhakim850@gmail.com,61,6,2673721,⚠️ At Risk (VIPs)
fajarsaputri413@yahoo.com,460,2,388559,💤 Lost / Inactive
ekoyulianti35@gmail.com,335,2,1431846,💤 Lost / Inactive
galihsari580@yahoo.com,325,3,726000,💤 Lost / Inactive
irfansinaga801@outlook.com,2,4,2180000,🛒 Regulars
ekoiskandar191@gmail.com,165,1,350012,💤 Lost / Inactive
fajarsusanti837@gmail.com,338,3,1076000,💤 Lost / Inactive
teguhsaputri205@gmail.com,166,3,1125000,💤 Lost / Inactive
ferdipohan130@gmail.com,87,5,2621599,⚠️ At Risk (VIPs)
ratnamaharani834@gmail.com,120,3,1385000,💤 Lost / Inactive
zahrapohan10@outlook.com,92,3,1013886,🛒 Regulars
soniasaputra973@gmail.com,70,2,236949,🛒 Regulars
budimanurung200@yahoo.com,149,2,728000,💤 Lost / Inactive
sitiutami5@gmail.com,827,2,558000,💤 Lost / Inactive
suryasetiawan365@gmail.com,49,2,726000,🛒 Regulars
srimaharani972@yahoo.com,207,2,864000,💤 Lost / Inactive
dimaslestari85@outlook.com,460,2,1058651,💤 Lost / Inactive
rakacahyani739@yahoo.com,11,1,567000,👋 New / Promising
bintangrahmawati42@gmail.com,507,2,885172,💤 Lost / Inactive
bellatanjung992@gmail.com,230,2,1852000,💤 Lost / Inactive
melatipermata405@gmail.com,267,1,298000,💤 Lost / Inactive
cintawijaya230@yahoo.com,865,1,1455000,💤 Lost / Inactive
adityalestari115@yahoo.com,2,4,2231170,🛒 Regulars
selvisinaga144@yahoo.com,10,4,2998010,🛒 Regulars
andicahyani795@outlook.com,12,5,1236853,🛒 Regulars
zahraanggraini951@gmail.com,122,3,2187046,💤 Lost / Inactive
teguhginting391@gmail.com,111,7,2845563,⚠️ At Risk (VIPs)
bellautami591@yahoo.com,12,5,2015775,🛒 Regulars
tikasetiawan972@gmail.com,366,2,657000,💤 Lost / Inactive
fitrikurniawan626@gmail.com,167,5,1839271,⚠️ At Risk (VIPs)
mayaginting824@gmail.com,245,6,2304208,⚠️ At Risk (VIPs)
arifsimbolon31@gmail.com,317,3,913481,💤 Lost / Inactive
aditarigan243@outlook.com,706,3,2874672,💤 Lost / Inactive
hanahalim97@yahoo.com,191,3,1962353,💤 Lost / Inactive
ridhosimbolon788@outlook.com,315,6,2698210,⚠️ At Risk (VIPs)
ratnahidayat818@gmail.com,98,9,4758611,⚠️ At Risk (VIPs)
rakasari740@gmail.com,29,7,4204945,🏆 Champions
satriohalim293@gmail.com,17,8,4413120,🏆 Champions
rakacahyani503@outlook.com,534,1,163351,💤 Lost / Inactive
srikurniawan970@gmail.com,29,2,1536000,👋 New / Promising
ajisantoso224@gmail.com,214,6,4035000,⚠️ At Risk (VIPs)
anggunmaharani452@gmail.com,117,7,2378309,⚠️ At Risk (VIPs)
fitriramadhan204@gmail.com,84,4,865938,🛒 Regulars
rezasiregar873@gmail.com,109,5,2973130,⚠️ At Risk (VIPs)
taniahalim592@gmail.com,430,3,2634280,💤 Lost / Inactive
mawariskandar572@gmail.com,29,3,1970000,🛒 Regulars
zahraputri392@outlook.com,1,7,4374879,🏆 Champions
vivisantoso257@gmail.com,555,2,861952,💤 Lost / Inactive
rendiaprilia191@yahoo.com,50,7,4341698,🏆 Champions
wulankurniawan458@yahoo.com,583,3,2458281,💤 Lost / Inactive
hanamanurung422@gmail.com,115,3,1263000,🛒 Regulars
citrasiregar391@gmail.com,68,2,915000,🛒 Regulars
budisiregar451@yahoo.com,622,2,1101169,💤 Lost / Inactive
nandayulianti229@yahoo.com,0,1,805000,👋 New / Promising
ridhomanurung773@gmail.com,356,4,3394060,💤 Lost / Inactive
sariiskandar891@gmail.com,40,5,1327141,🛒 Regulars
agusnugroho837@yahoo.com,5,4,1177889,🛒 Regulars
ranisusanti130@yahoo.com,275,2,1925144,💤 Lost / Inactive
salsasantoso48@gmail.com,230,2,741227,💤 Lost / Inactive
sitihutapea674@gmail.com,357,3,2910000,💤 Lost / Inactive
agusmaharani409@gmail.com,219,3,818211,💤 Lost / Inactive
nialestari463@gmail.com,315,4,452854,💤 Lost / Inactive
alyapohan286@gmail.com,290,4,1248061,💤 Lost / Inactive
selvitarigan256@gmail.com,558,4,1466045,💤 Lost / Inactive
putraputri380@yahoo.com,51,3,1347176,🛒 Regulars
megakurniawan379@gmail.com,38,4,1733152,🛒 Regulars
linamanurung624@yahoo.com,371,4,2123315,💤 Lost / Inactive
megamanurung889@gmail.com,123,1,278987,💤 Lost / Inactive
srisuryadi969@gmail.com,645,4,761552,💤 Lost / Inactive
panduhakim482@gmail.com,118,5,2056195,⚠️ At Risk (VIPs)
salsatanjung845@gmail.com,137,2,874000,💤 Lost / Inactive
fatimahsinaga538@gmail.com,35,3,1509000,🛒 Regulars
bintangsimbolon905@gmail.com,34,4,2129796,🛒 Regulars
andirahmawati229@yahoo.com,99,9,4171975,⚠️ At Risk (VIPs)
auliarahmawati264@yahoo.com,408,4,2253893,💤 Lost / Inactive
hasanpratama108@gmail.com,54,10,4050538,🏆 Champions
verahalim450@yahoo.com,637,4,1142977,💤 Lost / Inactive
sitimaharani767@gmail.com,259,5,3941024,⚠️ At Risk (VIPs)
pandusiregar943@gmail.com,431,4,964384,💤 Lost / Inactive
arifsari700@yahoo.com,31,6,4317992,🏆 Champions
oliviayulianti232@gmail.com,23,5,3940822,🛒 Regulars
hadisetiawan232@gmail.com,482,4,2176253,💤 Lost / Inactive
alyasaputra431@outlook.com,294,4,2449137,💤 Lost / Inactive
wahyutanjung678@gmail.com,254,2,934569,💤 Lost / Inactive
cintasaputra292@gmail.com,126,4,4177309,⚠️ At Risk (VIPs)
kiranaanggraini617@yahoo.com,329,3,2750000,💤 Lost / Inactive
putrapermata695@outlook.com,9,10,5733033,🏆 Champions
tonitarigan972@yahoo.com,228,4,1520293,💤 Lost / Inactive
shintayulianti226@gmail.com,63,6,1979799,⚠️ At Risk (VIPs)
dewiramadhan690@outlook.com,398,4,2970422,💤 Lost / Inactive
niafauzi993@gmail.com,308,5,1391702,⚠️ At Risk (VIPs)
fajarcahyani68@gmail.com,4,6,2074994,🛒 Regulars
tikahalim128@gmail.com,31,4,1511000,🛒 Regulars
melatiramadhan781@gmail.com,101,2,535649,🛒 Regulars
yogayulianti636@gmail.com,105,3,1178932,🛒 Regulars
citrarahmawati890@outlook.com,466,5,2935000,⚠️ At Risk (VIPs)
sritanjung570@outlook.com,7,4,1551342,🛒 Regulars
fitrinugroho566@gmail.com,49,4,1525130,🛒 Regulars
putritarigan347@gmail.com,82,5,2087477,⚠️ At Risk (VIPs)
karinaputri99@gmail.com,44,5,1819395,🛒 Regulars
putrisembiring958@gmail.com,9,3,2106245,🛒 Regulars
teguhpohan734@outlook.com,22,4,3377000,🛒 Regulars
sarihasanah389@yahoo.com,352,2,968357,💤 Lost / Inactive
shintatanjung622@gmail.com,270,1,129000,💤 Lost / Inactive
ridhopermata578@outlook.com,79,6,1748983,⚠️ At Risk (VIPs)
putriaprilia751@yahoo.com,21,6,3271094,🛒 Regulars
vaniasuryadi772@yahoo.com,502,1,658000,💤 Lost / Inactive
selvisaputri985@outlook.com,337,3,1311298,💤 Lost / Inactive
adiwijaya806@outlook.com,122,2,982898,💤 Lost / Inactive
donifauzi282@gmail.com,82,5,3752304,⚠️ At Risk (VIPs)
ranisantoso182@gmail.com,30,3,3460000,🛒 Regulars
rakapermata455@gmail.com,197,3,566000,💤 Lost / Inactive
fatimahpohan644@gmail.com,267,4,1279558,💤 Lost / Inactive
fitrisantoso285@gmail.com,213,3,2354946,💤 Lost / Inactive
dimassari50@gmail.com,205,6,3676581,⚠️ At Risk (VIPs)
melatisetiawan721@gmail.com,478,1,119000,💤 Lost / Inactive
nabilasari155@gmail.com,291,1,578000,💤 Lost / Inactive
putrihasanah684@yahoo.com,68,2,787000,🛒 Regulars
faisaliskandar104@gmail.com,46,5,3253500,🛒 Regulars
panduhidayat787@yahoo.com,608,3,2388218,💤 Lost / Inactive
diahhalim738@outlook.com,433,2,1376000,💤 Lost / Inactive
bintangyulianti605@gmail.com,323,1,477000,💤 Lost / Inactive
nabilasetiawan443@outlook.com,7,2,1263274,👋 New / Promising
rismasiregar727@outlook.com,66,2,1380758,🛒 Regulars
anggisuryadi36@gmail.com,665,1,478484,💤 Lost / Inactive
tikayulianti505@outlook.com,326,2,1605000,💤 Lost / Inactive
